{
    "Addimage": false,
    "Images": {},
    "Img": {},
    "RAAdmin": {},
    "RAGfoto": {},
    "RASDadmin": false,
    "RASDstaff": false,
    "RASadmin": false,
    "RASstaff": false,
    "RAStaff": {},
    "RAautojoin": true,
    "RAautoread": false,
    "RAautoscan": false,
    "RAblacklist": {
        "": true
    },
    "RAdblacklist": false,
    "RAfoto": {},
    "RAgreet": {},
    "RAlimit": 1,
    "RAmessage": "Hallo...",
    "RAmessage1": "SALKOMSEL ",
    "RAprotcancel": {},
    "RAprotinvite": {},
    "RAprotkick": {},
    "RAprotqr": {},
    "RAreadMember": {},
    "RAreadPoint": {},
    "RAwblacklist": false,
    "TJlimit": 10,
    "autoAdd": "Thank add me..!!! Creator QUEEN BOTS",
    "autoJoin": false,
    "autoJoinTicket": false,
    "autoLeave": true,
    "autoRead": false,
    "autoReject": false,
    "changeGroupPicture": false,
    "changePicture": false,
    "keyCommand": "",
    "restartBot": {},
    "restartPoint": "",
    "server": {},
    "userAgent": {}
}