{ 
    "Img": {},
    "addImage": {
        "name": "",
        "status": false
    },
    "addSticker": {
        "name": "",
        "status": false
    },
    "addStickertemplate": {
        "namee": "",
        "statuss": false
    },
    "addTemplate": {
        "statustext": true,
        "texts": "//line.me/ti/p/~dkdkbot"
    },
    "addText": {
        "statustext": true,
        "texts": "dzulkifli"
    },
    "restartPoint": {},
    "restartBot": {},
    "userAgent": {},
    "ChangeVideoProfilePicture": {},
    "ChangeVideoProfilevid": {},
    "keyCommand": "",
    "autoAdd": false,
    "autoJoin": false,
    "autoReject": false,
    "autoLeave": true,
    "autoRead": false,
    "changeProfileVideo": false,
    "server": {},
    "Videos":{},
    "changePicture": false,
    "changevp": false,
    "changeGroupPicture": false,
    "autoJoinTicket": false,
    "Img": {},
    "Images": {},
    "Addimage": false,
    "ARAdmin": {},
    "ARGfoto": {},
    "ARSDadmin": false,
    "ARSDstaff": false,
    "ARSadmin": false,
    "ARSstaff": false,
    "ARStaff": {},
    "ARautojoin": true,
    "ARautoread": false,
    "ARautoscan": false,
    "ARblacklist": {},
    "ARdblacklist": false,
    "messageSticker": {
        "addName": null,
        "addStatus": false,
        "listSticker": {
            "addSticker": {
                "STKID": "51626498",
                "STKPKGID": "11538",
                "STKVER": "1"
            },
            "leaveSticker": {
                "STKID": "25630193",
                "STKPKGID": "10210",
                "STKVER": "1"
            },
            "readerSticker": {
                "STKID": "15356454",
                "STKPKGID": "1395389",
                "STKVER": "1"
            },
            "responSticker": {
                "STKID": "52002762",
                "STKPKGID": "11537",
                "STKVER": "1"
            },
            "sleepSticker": null,
            "welcomeSticker": {
                "STKID": "4893632",
                "STKPKGID": "4107",
                "STKVER": "1"
            }
        }
    },
    "RAfoto": {},
    "ARgreet": {},
    "ARlimit": 1,
    "ARmessage": "Hallo...",
    "ARmessage1": "Chat with me http://line.me/ti/p/~joeeagle13",
    "ARprotcancel": {},
    "ARprotinvite": {},
    "ARprotkick": {},
    "ARprotqr": {},
    "GAbot": {},
    "GALbot": false,
    "ARreadMember": {},
    "ARreadPoint": {},
    "ARwblacklist": false
}
