{
    "Mute": true,
    "TagMention": false,
    "TagMention2": false,
    "autoAdd": false,
    "autoBalas": false,
    "autoJoin": false,
    "autoJoinTicket": {},
    "autoKick": false,
    "autoLeave": false,
    "autoLike": false,
    "autoRead": true,
    "autoRespon": true,
    "autoResponImage": true,
    "autoResponPm": true,
    "autoblock": true,
    "autojj": false,
    "autorejc": false,
    "bymsg": {},
    "changeGroupPicture": true,
    "changePicture": {},
    "checkSticker": false,
    "comment1": " ikutan",
    "contact": false,
    "detectMention": false,
    "diinvite": " terima kasih sudah invite saya",
    "infomid": false,
    "javascrift": true,
    "keluar": "s\u1d07\u029f\u1d00\u1d0d\u1d00\u1d1b\u00a0\u1d0a\u1d00\u029f\u1d00\u0274\u00a0....\ns\u1d07\u1d0d\u1d0f\u0262\u1d00\u00a0\u1d0b\u1d00\u1d0d\u1d1c\u00a0\u0299\u1d00\u026a\u1d0b2\u00a0\u1d05\u026a\u029f\u1d1c\u1d00\u0280\u00a0s\u1d00\u0274\u1d00\ns\u1d00\u1d0d\u1d18\u1d00\u026a\u00a0\u1d0a\u1d1c\u1d0d\u1d18\u1d00 \ud83d\udc4c\ud83d\udc4c\ud83d\udc4c",
    "lang": "JP",
    "leavemsg": false,
    "leavesticker": false,
    "mention": "Sider mulu sini ka",
    "messageSticker": {
        "addName": null,
        "addStatus": false,
        "listSticker": {
            "addSticker": null,
            "leaveSticker": null,
            "mentionSticker": {
                "STKID": "52114110",
                "STKPKGID": "11539",
                "STKVER": "1"
            },
            "readerSticker": null,
            "replySticker": null,
            "siderSticker": {
                "STKID": "94734111",
                "STKPKGID": "4981191",
                "STKVER": "1"
            },
            "welcomeSticker": null
        }
    },
    "mimic": {
        "copy": true,
        "status": true,
        "target": {}
    },
    "protect": false,
    "qrprotect": false,
    "responPc": true,
    "responpc": "Tag terus",
    "responsticker": true,
    "simiSimi": {},
    "sticker": {},
    "tag": "Maaf  jgn  tang  lg  sibuk",
    "tag2": "jgn  pm  pekok  save aja  washapku",
    "tag3": "Hai  beb apa  kabar",
    "unsend": false,
    "unsendMessage": false,
    "userAgent": [
        "Mozilla/5.0 (X11; U; Linux i586; de; rv:5.0) Gecko/20100101 Firefox/5.0",
        "Mozilla/5.0 (X11; U; Linux amd64; rv:5.0) Gecko/20100101 Firefox/5.0 (Debian)",
        "Mozilla/5.0 (X11; U; Linux amd64; en-US; rv:5.0) Gecko/20110619 Firefox/5.0",
        "Mozilla/5.0 (X11; Linux) Gecko Firefox/5.0",
        "Mozilla/5.0 (X11; Linux x86_64; rv:5.0) Gecko/20100101 Firefox/5.0 FirePHP/0.5",
        "Mozilla/5.0 (X11; Linux x86_64; rv:5.0) Gecko/20100101 Firefox/5.0 Firefox/5.0",
        "Mozilla/5.0 (X11; Linux x86_64) Gecko Firefox/5.0",
        "Mozilla/5.0 (X11; Linux ppc; rv:5.0) Gecko/20100101 Firefox/5.0",
        "Mozilla/5.0 (X11; Linux AMD64) Gecko Firefox/5.0",
        "Mozilla/5.0 (X11; FreeBSD amd64; rv:5.0) Gecko/20100101 Firefox/5.0",
        "Mozilla/5.0 (Windows NT 6.2; WOW64; rv:5.0) Gecko/20100101 Firefox/5.0",
        "Mozilla/5.0 (Windows NT 6.1; Win64; x64; rv:5.0) Gecko/20110619 Firefox/5.0",
        "Mozilla/5.0 (Windows NT 6.1; Win64; x64; rv:5.0) Gecko/20100101 Firefox/5.0",
        "Mozilla/5.0 (Windows NT 6.1; rv:6.0) Gecko/20100101 Firefox/5.0",
        "Mozilla/5.0 (Windows NT 6.1.1; rv:5.0) Gecko/20100101 Firefox/5.0",
        "Mozilla/5.0 (Windows NT 5.2; WOW64; rv:5.0) Gecko/20100101 Firefox/5.0",
        "Mozilla/5.0 (Windows NT 5.1; U; rv:5.0) Gecko/20100101 Firefox/5.0",
        "Mozilla/5.0 (Windows NT 5.1; rv:2.0.1) Gecko/20100101 Firefox/5.0",
        "Mozilla/5.0 (Windows NT 5.0; WOW64; rv:5.0) Gecko/20100101 Firefox/5.0",
        "Mozilla/5.0 (Windows NT 5.0; rv:5.0) Gecko/20100101 Firefox/5.0"
    ],
    "wcsticker": false,
    "welcome": "s\u1d07\u1d0d\u1d0f\u0262\u1d00\u00a0\u0299\u1d07\u1d1b\u1d00\u029c\u00a0\u028f\u1d00...\ns\u1d00\u029f\u1d00\u1d0d\u00a0\u1d0b\u1d07\u0274\u1d00\u029f\u00a0\u1d05\u1d00\u0280\u026a\u00a0s\u1d00\u028f\u1d00 \ud83d\ude18",
    "welcomemsg": true,
    "wellcome": false
}