{
    "a": {
        "STKID": "59941641",
        "STKPKGID": "3984609"
    },
    "apa": {
        "STKID": "52270546",
        "STKPKGID": "3753664"
    },
    "b": {
        "STKID": "59941640",
        "STKPKGID": "3984609"
    },
    "bawel": "",
    "buka puasa": {
        "STKID": "155808586",
        "STKPKGID": "6700627"
    },
    "c": {
        "STKID": "59941642",
        "STKPKGID": "3984609"
    },
    "cius": {
        "STKID": "94734103",
        "STKPKGID": "4981191"
    },
    "good morning": {
        "STKID": "71959369",
        "STKPKGID": "4338563"
    },
    "hahaha": "",
    "jomblo": {
        "STKID": "6828009",
        "STKPKGID": "1167714"
    },
    "kakak & adik iii": {
        "STKID": "59941641",
        "STKPKGID": "3984609"
    },
    "mencret": {
        "STKID": "94734116",
        "STKPKGID": "4981191"
    },
    "ngising": {
        "STKID": "2963202",
        "STKPKGID": "3619"
    },
    "ngopi": {
        "STKID": "94734102",
        "STKPKGID": "4981191"
    },
    "ngupil": {
        "STKID": "4976956",
        "STKPKGID": "4146"
    },
    "sue": {
        "STKID": "15045350",
        "STKPKGID": "1385528"
    },
    "tuman": {
        "STKID": "155808582",
        "STKPKGID": "6700627"
    }
}